Category,Company,Job Title,Description,Time Posted,Location,Image URL,Job Link
logo-design,Tessarakt Experiential,Graphic Designer,"Join Tessarakt as an Onsite Graphic Designer and craft stunning, unforgettable visuals!",2 days ago,India,https://mir-s3-cdn-cf.behance.net/86f97212a88d236fe79a035493fd07da/86780f6f-c115-453a-aa47-819454bc84ad_acc_180x180.jpg?h=4d177452d27a1829ae1f359e94531045,https://www.behance.net/joblist/314955/Graphic-Designer
logo-design,Ekaha,Graphic Designer,We are looking for Graphic Designer proficient in Canva & Adobe,3 days ago,"Ahmedabad, India",https://mir-s3-cdn-cf.behance.net/d9dc4203687b590c811d4ffa249b34fd/71239259-a049-4731-8e23-044cb370c5cc_acc_180x180.png?h=83a6df353e787cde5631028d01242dec,https://www.behance.net/joblist/314887/Graphic-Designer
logo-design,Identity Makers,Logo Designer,We are looking for a Professional Logo and Packaging designer,7 days ago,"Udaipur, India",https://mir-s3-cdn-cf.behance.net/51517fe3b3804e5b048443add00a1815/5683a1d8-9edf-444d-9adc-aa3184bf134e_acc_180x180.jpg?h=5adc5307aadd4d5bc2db2ed12104799f,https://www.behance.net/joblist/310263/Logo-Designer
logo-design,Silly Monks Entertainment,Graphic Designer,We @SillyMonks are looking for a Visual/ Graphic Designer.,a month ago,"Hyderabad, India",https://mir-s3-cdn-cf.behance.net/3326514e4d7a263f8a5a1cdc0eb79154/3dc3d7c1-59a0-44f1-a9e0-df3d8dc7cea2_acc_180x180.png?h=afdccf07dac8b24a7ff016eacdf31ab7,https://www.behance.net/joblist/313299/Graphic-Designer
logo-design,AuraKomms Media Pictures Pvt. Ltd.,Creative Graphic Designer,Hiring full time onsite Creative Graphic Designer proficient in Illustrator and Photoshop,a month ago,"Mumbai, India",https://mir-s3-cdn-cf.behance.net/cb0417494012b9d0b9b925e6d4c530d1/ff9d23f4-1946-438f-9b77-3aa630ffecfc_acc_180x180.jpg?h=f0062fb9e655cd9c7b48427621c131ef,https://www.behance.net/joblist/194775/Creative-Graphic-Designer
logo-design,AuraKomms Media Pictures Pvt. Ltd.,Motion Graphics Designer,"Aftereffects, Photoshop, and Illustrator",a month ago,"Mumbai, India",https://mir-s3-cdn-cf.behance.net/6ed0fe6adad429f5d15b5b4f104b7d92/f57266e7-f9b1-4c21-9be9-4a4ce8712f65_acc_180x180.jpg?h=6406caa79535d6f9ed36a6269aedf04b,https://www.behance.net/joblist/194781/Motion-Graphics-Designer
logo-design,DryState,Graphic Designer,Looking for a Graphic Designer,3 days ago,"Ahmedabad, India",https://mir-s3-cdn-cf.behance.net/68fc249b865e0cb8c09d55b4615e5d2d/6b9a1ec5-3323-4a58-897f-13246ec676d3_acc_180x180.png?h=a32e4234edfd1153b9525ed256fb5216,https://www.behance.net/joblist/314931/Graphic-Designer
logo-design,Crosa Creative & Concept,2d Graphic Designer,This is a full-time on-site role for a Graphic Designer Designer,6 days ago,India,https://mir-s3-cdn-cf.behance.net/e0b6a0e8f2a1c82d53db88917598d299/3ba63369-3264-406d-a07e-d1f0a0da42d0_acc_180x180.png?h=637c1a3779f6101e4e2a221652670736,https://www.behance.net/joblist/314619/2d-Graphic-Designer
logo-design,Beep experience management pvt ltd,Senior Visualizer/Art Director,Senior Visualizer/Art Director ‚Äì Event Management Agency,10 days ago,"Bangalore, India",https://mir-s3-cdn-cf.behance.net/b490120c24bdd9f29e3ddf62d9d1d60b/6247f232-484b-425d-9bd9-f8cd079a9911_acc_180x180.jpg?h=48956c941a0324931a234391842d0b0f,https://www.behance.net/joblist/314475/Senior-VisualizerArt-Director
branding-services,Adrex Creative LLP,Creative Director,"Seeking a Creative Director to drive bold ideas, lead teams, and shape campaigns!",4 days ago,India,https://mir-s3-cdn-cf.behance.net/5a96f406f55d7f18698f69e3e8cd79bc/a80d95d3-8329-400d-a0d2-33cd6c1a1a79_acc_180x180.png?h=8fc0d579a56533e392d6e527e9973066,https://www.behance.net/joblist/314775/Creative-Director
branding-services,NSIGHT CONSULTING PVT. LTD.,Graphic Designer Intern,If you have the talent to make creatives look better and bright. Join Us!,20 days ago,India,https://mir-s3-cdn-cf.behance.net/4dd6409accdb1a994ab3a32d534c7b1a/58606333-f4a9-4128-af6a-321a0ee6ff13_acc_180x180.png?h=acb08f52f8fb4abc7bdfd02db9c681f6,https://www.behance.net/joblist/313721/Graphic-Designer-Intern
branding-services,F60HOSTLLP,Intern Graphic Designer,Graphic designers ensure that visuals are both aesthetically pleasing,2 days ago,India,https://mir-s3-cdn-cf.behance.net/5f7e2c761922e50a8d4959d0799ed81e/0261b664-816a-4567-be4a-2c3f3fc4bb82_acc_180x180.jpg?h=5b08f269819a9f86fdaf44457cd76542,https://www.behance.net/joblist/315001/Intern-Graphic-Designer
branding-services,INCRESCO TECHNOLOGY SOLUTIONS,Creative Graphic Designer,We are seeking a talented Creative Graphic Designer to join our team.,2 days ago,"Bangalore, India",https://mir-s3-cdn-cf.behance.net/dce7568f12cb0a23844e77c8ebd001a3/41ffe5d3-6e38-4218-93f3-313398840e7d_acc_180x180.jpg?h=ff44a75be132592abf797c23fc046714,https://www.behance.net/joblist/314971/Creative-Graphic-Designer
branding-services,Superstuff,Founding Designer,"Join us to define brand identity, create intuitive designs, and enhance user experiences",2 days ago,"Bangalore, India",https://mir-s3-cdn-cf.behance.net/5907012e7b46bb21071444c50fb4db57/5ee542ae-a0f8-494a-b04f-ae8ff94d2050_acc_180x180.png?h=7061db7ddd86432c7b2f226081475412,https://www.behance.net/joblist/314963/Founding-Designer
social-media-design,Internshala,Visual Designer,"Craft stunning, strategic visuals as a Visual Design Intern at Internshala",2 days ago,"Gurgaon, India",https://mir-s3-cdn-cf.behance.net/1daf5af6ef2ac2db3294a746ee5621a5/04fe3806-ccca-41dc-a192-87c4c5ea6674_acc_180x180.png?h=26807645583f6ce72bb357c2733e4d8e,https://www.behance.net/joblist/314919/Visual-Designer
social-media-design,NSPL Impax,Social Media Manager,We are looking for Social Media Manager cum Graphic Designer,4 days ago,India,https://mir-s3-cdn-cf.behance.net/acdd200f193bca39825138a391559795/9bb156bf-4a15-4581-b491-b430f807dbbd_acc_180x180.png?h=3df5d58979987df9137a67603be9fcd6,https://www.behance.net/joblist/314839/Social-Media-Manager
social-media-design,Valyouu Digital,Content Strategist,We are hiring for content strategist,4 days ago,"Hyderabad, India",https://mir-s3-cdn-cf.behance.net/a3829d0a3f0a8982d940b4a0153d2fb1/d4e6e6c1-a1e2-4829-a95e-82fdb97deeb9_acc_180x180.png?h=3b0b743f5450ee26c31a0d322e179f85,https://www.behance.net/joblist/314813/Content-Strategist
social-media-design,A.P Kiids Kingdom,Graphic Designer,We are looking for Full Time Graphic Designer,6 days ago,India,https://mir-s3-cdn-cf.behance.net/25e7355d1a7140d75d28abfc4c4cad8a/f5e9e20a-f368-4d4c-a3ea-7d00854c84ec_acc_180x180.jpg?h=0ac49ff008c216a07a8264c68b834a8b,https://www.behance.net/joblist/314501/Graphic-Designer
website-design,Admaren Tech Pvt LTD,Graphics Designer,A seasoned designer with 5+ years of experience in graphic design/UX/UI/Web Design,a month ago,India,https://mir-s3-cdn-cf.behance.net/474a286c0b5da84f4372d083010b5ffa/56903d37-83e0-439f-97ab-46e5a22c936e_acc_180x180.jpg?h=d5c773a281ae312c4e0a2862df2a7326,https://www.behance.net/joblist/313373/Graphics-Designer
website-design,7EDGE Pvt Ltd,"Manager I, User Experience Design",We are seeking a UX Manager with substantial experience in UX design.,10 days ago,"Mangalore, India",https://mir-s3-cdn-cf.behance.net/cc4ed6f7d7146f96fe5998d759744215/33403c57-69ef-4e0d-9f1b-495899b7a273_acc_180x180.jpg?h=0eafd314747699b49b245b8331a8dd5e,https://www.behance.net/joblist/314477/Manager-I-User-Experience-Design
website-design,Fingerprints Future,UI/UX designer,We are looking for a an experienced UIUX designer,12 days ago,"Chennai, India",https://mir-s3-cdn-cf.behance.net/351934de1bd814ca4c21d49292ac40db/133529d7-c2f6-49bb-8382-fbda293543e3_acc_180x180.png?h=e0e56df3c5a0b2846ffdba6ed4c3ba40,https://www.behance.net/joblist/314211/UIUX-designer
website-design,Hiring Point solutions,UI/UX Designer,looking for a UI/UX Designer to turn our software into easy-to-use for our clients.,17 days ago,"New Delhi, India",https://mir-s3-cdn-cf.behance.net/9f63fcda0478f539cc14ed4e991fbfb0/e819e6f3-fd17-43b8-a382-893c1d2912f4_acc_180x180.png?h=fdf99daea1b706824791855627769656,https://www.behance.net/joblist/313977/UIUX-Designer
website-design,Firstcry.com,Product Stylist,We are looking for creative Product stylist for our team,19 days ago,"Pune, India",https://mir-s3-cdn-cf.behance.net/910e2769e604835d7b0aac7d4730585e/c45123f5-c0f3-470a-aa3d-9d859c5a9463_acc_180x180.jpg?h=a8e45860c0c9879c2d1796c6b8f64e7d,https://www.behance.net/joblist/313855/Product-Stylist
illustrations,unctrl,Graphic Designer,Looking for a Graphic designer with 1-2 years experience preferably in Advertising Design,25 days ago,"Mumbai, India",https://mir-s3-cdn-cf.behance.net/af30b307d73ea9f79e10eeb707aa3091/3515c3d3-7c39-4fe5-9ef9-7a7b94b1c8d5_acc_180x180.jpg?h=ad77ab0278b75048fb4637cd2856e9c8,https://www.behance.net/joblist/313467/Graphic-Designer
illustrations,Peppermint Productions,Graphic Illustrator,WE are looking for a graphic designer who is also good at illustration.,a month ago,"Mumbai, India",https://mir-s3-cdn-cf.behance.net/e819c354ab4763555898482ce8d3c240/b98460b5-ca97-49e0-b8e7-52528a31a8f2_acc_180x180.png?h=0cbb03d7a89e310af9ad4313bad10dd9,https://www.behance.net/joblist/313333/Graphic-Illustrator
illustrations,Dharamkot Studio,Artist in Residence and workshop Instructor (Ceramics),a unique opportunity to combine an artist residency with a teaching role,2 days ago,India,https://mir-s3-cdn-cf.behance.net/74ab77a87154bddcc9ded039dae6e9f4/f4571729-d725-4a7f-83c2-7212198cf6d1_acc_180x180.jpg?h=404d0824b82bf789e146c73432edbecd,https://www.behance.net/joblist/314927/Artist-in-Residence-and-workshop-Instructor-(Ceramics)
illustrations,Moresand Technologies,UI/UX Designer,We are looking for a creative mind has a UI/UX Designer @ Moresand Technologies,6 days ago,"Bangalore, India",https://mir-s3-cdn-cf.behance.net/e701187178cd73f4774c48666d94562c/9496d9a6-4ff5-4ccb-98ae-d2c2b4a34b89_acc_180x180.jpg?h=6369c9cf99f9a012fbe1ecacf51cf5e7,https://www.behance.net/joblist/314595/UIUX-Designer
illustrations,SEPAL,Lead Content Creator,We are looking for a talented and passionate creative professional.,14 days ago,"Hyderabad, India",https://mir-s3-cdn-cf.behance.net/67b1a47aa86680056740d348707d7dc8/d0ce0061-6b9a-4056-ac5e-622336c50540_acc_180x180.png?h=07ec22deef6f881b6ffc5d3066f971a2,https://www.behance.net/joblist/314093/Lead-Content-Creator
illustrations,Tayana Solution,Graphic Designer,We are looking for a creative and talented Graphic Designer 3-4 Yrs,a month ago,"Bhopal, India",https://mir-s3-cdn-cf.behance.net/dd4c70a43e842f792f4c6875ae93b2f5/068239a9-0d77-4cf2-ab88-5b3945cff6a7_acc_180x180.jpg?h=8123da13a8b596d541ceee03dd54358c,https://www.behance.net/joblist/313197/Graphic-Designer
illustrations,YOGI INDIA,Graphic Designer,We are seeking a talented and creative Graphic Designer to join our team.,6 days ago,"Mumbai, India",https://a5.behance.net/1cab8d04f4a66494c91872238adece74388a8257/img/profile/avatars/lasso-100.png?cb=264615658,https://www.behance.net/joblist/314669/Graphic-Designer
packaging-design,Bighatch Consulting Pvt Ltd. (ESERVZ),Graphic Designer,Graphic Designer,5 days ago,"Varanasi, India",https://mir-s3-cdn-cf.behance.net/5ac48e66081a66333bdb946ffaeb5f82/1225a965-c992-4784-b2e5-2b07c135c685_acc_180x180.png?h=6b07d708b0d809212f841e5ba50abbce,https://www.behance.net/joblist/314705/Graphic-Designer
packaging-design,E-hawkers Marketing LLP,Graphic Designer,"We're looking for a full-time, on-site or remote Graphic Designer.",14 days ago,"Indore, India",https://mir-s3-cdn-cf.behance.net/41ca96856f95228f19b9854177567082/418e22dc-bda7-4542-af3a-9d54ef0739bd_acc_180x180.png?h=f6eb0e894d255f24c304c8acd4830605,https://www.behance.net/joblist/314145/Graphic-Designer
packaging-design,Jawai Enterprises,Packaging Designer,"Packaging designer at Jawai Enterprises, creating food & beverage packaging designs.",17 days ago,"Mumbai, India",https://mir-s3-cdn-cf.behance.net/89a239d80b44e17af8272931ef529308/83079adc-4f44-4051-b0bc-bf15d5d4ed93_acc_180x180.jpg?h=338aef42156a6c0336a243760b1b5893,https://www.behance.net/joblist/313957/Packaging-Designer
packaging-design,Firstcry.com,Sr.Graphic Designer,We are looking for creative Sr.Graphic Designer,a month ago,"Pune, India",https://mir-s3-cdn-cf.behance.net/acbc54bf8cd5de39f40ddaf51bb319a5/761b3f1e-89f5-4aca-b1a4-34a04413220e_acc_180x180.jpg?h=0a895dd306819a9359a0ef40524d2eae,https://www.behance.net/joblist/313449/SrGraphic-Designer
packaging-design,The Grey Metaphor,Graphic Designer,We are looking for Graphic Designer who specialise in Social Media Design,a month ago,"Ahmedabad, India",https://mir-s3-cdn-cf.behance.net/9ead17c68a2a369d74b16668c5fe2961/b9031cba-fe11-4d21-b967-7ee766e41606_acc_180x180.jpg?h=0d0480fe340b405943d5898647a0de22,https://www.behance.net/joblist/313273/Graphic-Designer
packaging-design,Einstein Box,Graphic Designer,We are Looking a Talented and Dedicated Graphic Designer who is best in their work.,a month ago,India,https://mir-s3-cdn-cf.behance.net/1e13f04d4936ecdff8f415b873e84c0c/6123caaf-8416-4c6c-9daf-aefc603a1b3d_acc_180x180.png?h=cf7b2a9346135cc22ce5ba2a885cac7c,https://www.behance.net/joblist/313237/Graphic-Designer
landing-page-design,F60HOSTLLP,SR UI/UX Designer,We are seeking a talented UI/UX Designer to join our design team,2 days ago,India,https://mir-s3-cdn-cf.behance.net/4ceda98222319f9bc5599e1919776c80/a582d488-d27d-45c3-b305-3bab26858d31_acc_180x180.jpg?h=ae53fc09628e4c18573c19bbe378289e,https://www.behance.net/joblist/314929/SR-UIUX-Designer
landing-page-design,wooing,UI/UX Designer,üé® UI/UX Designer Wanted: Help Us Build Something Truly Meaningful!,20 days ago,Anywhere,https://mir-s3-cdn-cf.behance.net/e2aee49c597d7a78383b586600bc8c83/c092ef6e-7a3b-4228-99f8-727cf81900cc_acc_180x180.png?h=4cfdaacb41460646dc4729e0e9809fa5,https://www.behance.net/joblist/313709/UIUX-Designer
landing-page-design,stellenmanufaktur,Webdesigner und Webprogrammierer gesucht (m/w/d),"Wir sind ein aufstrebendes Unternehmen, das marketingorientierte Internetl√∂sungen in ...",3 days ago,Anywhere,https://mir-s3-cdn-cf.behance.net/564ef7416ab9bd3ca5c232708aa015fe/200c4147-eda4-4325-a38b-9fd82a5609d0_acc_180x180.png?h=50a0d22e3a559b7804f02c5ce344d0af,https://www.behance.net/joblist/26595/Webdesigner-und-Webprogrammierer-gesucht-(mwd)
landing-page-design,stellenmanufaktur,Web Developer gesucht (m/w/d),"Jede geniale Idee braucht jemanden, der sie umsetzt.",3 days ago,Anywhere,https://mir-s3-cdn-cf.behance.net/5d4599ecc8111f54a3e7bb4ead9c209d/a0af48d7-9338-46bc-a0d0-7994c0d30460_acc_180x180.png?h=ad1333f90a1fb90a59192fd9588bcc82,https://www.behance.net/joblist/163187/Web-Developer-gesucht-(mwd)
landing-page-design,My Derma Dream,Web Designer for Premier Skincare Brand,"Web Designer for Premier Start Up Skincare Brand ‚Äì DTC, CRO & Direct Response :D",5 days ago,Anywhere,https://mir-s3-cdn-cf.behance.net/783cd084be004ef21074c0287e59b602/1fc36097-192d-4307-8456-3f78c3f43a44_acc_180x180.png?h=8c6c6cc7f751b7568ae08c69aed760f0,https://www.behance.net/joblist/310679/Web-Designer-for-Premier-Skincare-Brand
landing-page-design,Sphere Rocket VA,Digital Marketing Manager,We are looking for Digital Marketing Manager,10 days ago,Anywhere,https://mir-s3-cdn-cf.behance.net/7dda0171f0ad2bf7ad0bc865cb38d8cb/98f28901-0d31-437f-9c85-972ec84e45b2_acc_180x180.png?h=b30e0a7eba193ce8ddc5eaa2d1e67130,https://www.behance.net/joblist/314433/Digital-Marketing-Manager
landing-page-design,Swat.io,Digital Media Designer,Digital Media Designer in Marketing with fluent German language skills,10 days ago,Anywhere,https://mir-s3-cdn-cf.behance.net/56813109821b60a4c89ad419430851c0/7723b4ed-2a48-44e2-ab0f-29ec18759a9d_acc_180x180.png?h=6fcc9772cd578e04a387eec2e67e9b2b,https://www.behance.net/joblist/314415/Digital-Media-Designer
ui-ux-design,UIUX Studio Pvt. Ltd.,Sr. UIUX Designer,We are looking for an experienced Senior UI Designer to join our creative team.,3 days ago,India,https://mir-s3-cdn-cf.behance.net/d3a3708b0727749e41113cb99fdd30a9/9bb3d4f0-f1f5-4e07-aa5f-4c145ab5bd6a_acc_180x180.png?h=37c4945581abe7c2104e396619eb7837,https://www.behance.net/joblist/298049/Sr-UIUX-Designer
ui-ux-design,Lemon Yellow LLP,Sr. UX Designer,"When life gives you a lemon, add yellow to it and join Lemon Yellow!",4 days ago,"Thane, India",https://mir-s3-cdn-cf.behance.net/5b97501fd49ac933c9055f03d4b6721d/799804e6-538c-4fd9-b333-d7cedcd06fe4_acc_180x180.png?h=efda11f20d99436cd300e8f4d3cdd8c8,https://www.behance.net/joblist/314833/Sr-UX-Designer
ui-ux-design,Lemon Yellow LLP,UI/UX Designer,"When life gives you a lemon, add yellow to it and join Lemon Yellow!",4 days ago,"Thane, India",https://mir-s3-cdn-cf.behance.net/9d2ae7e0e3c434304a7d17f696bf557e/0a99e386-40d4-4884-8cd7-23318c88eb72_acc_180x180.png?h=dac0c57bd314fa7fe03a641b1520086b,https://www.behance.net/joblist/314829/UIUX-Designer
architecture-interior-design,ArchFusion Design,Architect / Sr Architect,We are looking for an experienced Architect,6 days ago,"Bhandup West, India",https://mir-s3-cdn-cf.behance.net/ffaea098e7b557dbd02b162d520f9006/d2c94061-bb04-4ddb-a246-27386115b2db_acc_180x180.png?h=9aeb76e7464f6ee3b576173237a24f22,https://www.behance.net/joblist/314693/Architect-Sr-Architect
architecture-interior-design,"THE LN DESIGN STUDIO , AJMER",Interior Designer,We are seeking a talented and creative Interior Designer to join our team.,a month ago,"Ajmer, India",https://mir-s3-cdn-cf.behance.net/83f2d12eb795ecfa5d8347e0a8c5ae57/68c64329-a905-4838-a6d0-5154c09bd502_acc_180x180.jpeg?h=f482982e76d213f468faac72f63b89d5,https://www.behance.net/joblist/313227/Interior-Designer
architecture-interior-design,Karnvir Gulati,3D Visualizer,"Looking for a 3d visualizer with knowledge of 3dsmax , corona render & photoshop",2 days ago,"New Delhi, India",https://mir-s3-cdn-cf.behance.net/user/100/66170595496359.5edb38f87febc.jpg,https://www.behance.net/joblist/314981/3D-Visualizer
architecture-interior-design,Yarin Bureau,–î–∏–∑–∞–π–Ω–µ—Ä –∏–Ω—Ç–µ—Ä—å–µ—Ä–æ–≤,–ò—â–µ–º –¥–∏–∑–∞–π–Ω–µ—Ä–∞ –∫–æ–º–º–µ—Ä—á–µ—Å–∫–∏—Ö –∏–Ω—Ç–µ—Ä—å–µ—Ä–æ–≤,5 days ago,Anywhere,https://mir-s3-cdn-cf.behance.net/e9d3617ff3039c9b5cc7f4a06dae5d6b/0cd6f984-d3a6-459d-8fd8-60bb630df28d_acc_180x180.png?h=58c6c6cc0911cd0724447860ff103324,https://www.behance.net/joblist/314791/dizajner-intererov
architecture-interior-design,VDP Design International Ltd.,Full-time Senior Archviz Talent,VDP is searching for remote 3D Visualization Super Stars!,9 days ago,Anywhere,https://mir-s3-cdn-cf.behance.net/e59c45244ea0c13c246d718c26b8403c/f7b99f94-9589-4476-94b2-b3bd5eaf6ae1_acc_180x180.png?h=0d7059de82d8bf5d10aaf4ec83db82ec,https://www.behance.net/joblist/314487/Full-time-Senior-Archviz-Talent
architecture-interior-design,LOBO STUDIO,Full-Time 3D Archviz Artist (Remote),3D Architectural Visualization (Archviz) Artist,16 days ago,Anywhere,https://mir-s3-cdn-cf.behance.net/0c598dcb4a8976f31053b8fe85113cbe/73f64ce5-4f60-4a22-a696-0f764839ef6a_acc_180x180.png?h=75074928400b3ce2e07fc6aecfb1600d,https://www.behance.net/joblist/314041/Full-Time-3D-Archviz-Artist-(Remote)
architecture-interior-design,Edward Martin,3D Modeler,Looking for a professional to creating 3D assets for Architecture and Interior Design,3 days ago,Anywhere,https://mir-s3-cdn-cf.behance.net/b254ddbee077ea6b8df1f5292034743a/6fffea42-3ced-4206-9d08-f48fbcb209ad_acc_180x180.jpg?h=a4964d93c922cef9219f88de6a092174,https://www.behance.net/joblist/314907/3D-Modeler
architecture-interior-design,Simplified design,CAD Drafter for Custom Millwork Company,We are a leading custom millwork company specializing in creating high-quality,5 days ago,Anywhere,https://mir-s3-cdn-cf.behance.net/025b2113cbe75e7bf07241dce88da90d/80a86047-c1f4-4804-99d9-d11c90bf7889_acc_180x180.png?h=090d173473f51632c23fc5a2e6df2f61,https://www.behance.net/joblist/314737/CAD-Drafter-for-Custom-Millwork-Company
architecture-interior-design,www.dukerenders.com,3D Artist,Looking for 3D Artist,16 days ago,Anywhere,https://mir-s3-cdn-cf.behance.net/d1ca0cc78ef7d497e49af0dee0a9f7bc/ef5d4238-5a6f-47dc-8703-25e47b02efec_acc_180x180.jpg?h=2769325de6e2174159fd8f7d576e2eec,https://www.behance.net/joblist/314035/3D-Artist
architecture-interior-design,Marvin Visual,3D exterior artist,–®—É–∫–∞—î–º–æ –∫—Ä–µ–∞—Ç–∏–≤–Ω–æ–≥–æ —Ç–∞ —Ç–∞–ª–∞–Ω–æ–≤–∏—Ç–æ–≥–æ 3D –≤—ñ–∑—É–∞–ª—ñ–∑–∞—Ç–æ—Ä–∞ –µ–∫—Å—Ç–µ—Ä'—î—Ä—ñ–≤,18 days ago,Anywhere,https://mir-s3-cdn-cf.behance.net/32a4a83e27c32cbfc0cebad6049172c8/b7b45456-e982-43a9-81ef-eee022dc1dc9_acc_180x180.jpeg?h=5334616329d9c6d4ba855abfdadfcaa9,https://www.behance.net/joblist/313919/3D-exterior-artist
architecture-interior-design,Marvin Visual,VR Developer(Unreal Engine),We are looking for a VR Developer in Unreal Engine,24 days ago,Anywhere,https://mir-s3-cdn-cf.behance.net/8eca10f2042db6b92b2a7f6318e3572b/0a013dc5-c49a-4393-8ec6-4897f147892c_acc_180x180.jpeg?h=fd8644c3f3f1b901d2fa3f2bc25ccaea,https://www.behance.net/joblist/313605/VR-Developer(Unreal-Engine)
architecture-interior-design,Nfinite,Junior AI Image Generation Specialist,We are looking for creative skilled artists to create AI-based interior visuals (remote),24 days ago,Anywhere,https://mir-s3-cdn-cf.behance.net/a1063e6df26573c90379bad640fe83f4/d62047e9-f5aa-4fbf-a60c-8e0ddb291e1c_acc_180x180.png?h=4eaf6fda4d9248e88fd4e5f872644a4f,https://www.behance.net/joblist/312529/Junior-AI-Image-Generation-Specialist
all-graphic-design,Tessarakt Experiential,Motion Graphic Designer,Join Tessarakt as an Motion Designer and bring stories to life with stunning visuals!,2 days ago,India,https://mir-s3-cdn-cf.behance.net/c7dd3aabfd05784e07bd1983860f84e2/3f2ebef7-6931-441e-bf59-8b0f4aa5c6d7_acc_180x180.jpg?h=772c583777a5d6baf9b107edbb7ff593,https://www.behance.net/joblist/314957/Motion-Graphic-Designer
all-graphic-design,STENUM Asia,Motion Graphics Designer,A talented Motion Graphic Designer required for 6 months,6 days ago,India,https://mir-s3-cdn-cf.behance.net/7de6f831d2133ac9781376bd1f082ead/3606d862-e342-442e-8cf8-496b6960f789_acc_180x180.png?h=23307a49229a39bbb0039dd315934464,https://www.behance.net/joblist/314527/Motion-Graphics-Designer
